Key,Max Value
PB2:1-,0.454404
PB2:10-,0.451925
PB2:100-,0.156832
PB2:100N,1.0
PB2:101-,0.156832
PB2:101R,1.0
PB2:102-,0.156174
PB2:102K,0.017853
PB2:102N,1.0
PB2:103-,0.156832
PB2:103G,1.0
PB2:104-,0.156832
PB2:104P,1.0
PB2:105-,0.153204
PB2:105M,0.999718
PB2:105V,1.0
PB2:105other,0.041018
PB2:106-,0.14389
PB2:106A,0.13347
PB2:106T,1.0
PB2:107-,0.134632
PB2:107D,0.79339
PB2:107N,0.9998
PB2:107S,0.9999
PB2:108-,0.156832
PB2:108T,1.0
PB2:109-,0.156255
PB2:109V,1.0
PB2:109other,0.048476
PB2:10L,1.0
PB2:11-,0.451925
PB2:110-,0.156832
PB2:110H,1.0
PB2:111-,0.156832
PB2:111Y,1.0
PB2:112-,0.156832
PB2:112P,1.0
PB2:113-,0.15648
PB2:113K,1.0
PB2:113R,0.014702
PB2:114-,0.157811
PB2:114I,0.000116
PB2:114V,1.0
PB2:115-,0.153727
PB2:115C,0.030518
PB2:115Y,1.0
PB2:116-,0.155048
PB2:116K,1.0
PB2:116R,0.052924
PB2:117-,0.153565
PB2:117A,0.000313
PB2:117T,1.0
PB2:118-,0.156832
PB2:118Y,1.0
PB2:119-,0.156832
PB2:119F,1.0
PB2:11M,1.0
PB2:12-,0.45232
PB2:120-,0.154547
PB2:120D,1.0
PB2:120E,0.856732
PB2:121-,0.157811
PB2:121K,1.0
PB2:121R,0.000116
PB2:122-,0.152388
PB2:122V,1.0
PB2:122other,0.023858
PB2:123-,0.156832
PB2:123E,1.0
PB2:124-,0.156832
PB2:124R,1.0
PB2:125-,0.156832
PB2:125L,1.0
PB2:126-,0.156832
PB2:126K,1.0
PB2:127-,0.160983
PB2:127H,1.0
PB2:127Y,0.000318
PB2:128-,0.156832
PB2:128G,1.0
PB2:129-,0.156832
PB2:129T,1.0
PB2:12L,0.011498
PB2:12S,1.0
PB2:13-,0.451925
PB2:130-,0.156832
PB2:130F,1.0
PB2:131-,0.156832
PB2:131G,1.0
PB2:132-,0.154679
PB2:132P,1.0
PB2:132S,0.000315
PB2:133-,0.156832
PB2:133V,1.0
PB2:134-,0.154143
PB2:134H,1.0
PB2:134R,0.03028
PB2:135-,0.156832
PB2:135F,1.0
PB2:136-,0.156832
PB2:136R,1.0
PB2:137-,0.156832
PB2:137N,1.0
PB2:138-,0.156832
PB2:138Q,1.0
PB2:139-,0.154845
PB2:139I,0.000316
PB2:139V,1.0
PB2:13Q,1.0
PB2:14-,0.451925
PB2:140-,0.156832
PB2:140K,1.0
PB2:141-,0.153951
PB2:141I,1.0
PB2:141L,0.030531
PB2:142-,0.156832
PB2:142R,1.0
PB2:143-,0.156832
PB2:143R,1.0
PB2:144-,0.156832
PB2:144R,1.0
PB2:145-,0.156832
PB2:145V,1.0
PB2:146-,0.156832
PB2:146D,1.0
PB2:147-,0.156174
PB2:147I,1.0
PB2:147T,0.747831
PB2:148-,0.156832
PB2:148N,1.0
PB2:149-,0.156832
PB2:149P,1.0
PB2:14S,1.0
PB2:15-,0.451925
PB2:150-,0.156832
PB2:150G,1.0
PB2:151-,0.155476
PB2:151H,1.0
PB2:151Q,0.017809
PB2:152-,0.154346
PB2:152A,1.0
PB2:152S,0.000316
PB2:153-,0.156832
PB2:153D,1.0
PB2:154-,0.156832
PB2:154L,1.0
PB2:155-,0.15455
PB2:155N,0.015881
PB2:155S,1.0
PB2:156-,0.151871
PB2:156A,1.0
PB2:156V,0.023556
PB2:157-,0.156832
PB2:157K,1.0
PB2:158-,0.156832
PB2:158E,1.0
PB2:159-,0.156832
PB2:159A,1.0
PB2:15R,1.0
PB2:16-,0.285796
PB2:160-,0.156832
PB2:160Q,1.0
PB2:161-,0.155671
PB2:161D,1.0
PB2:161N,0.014866
PB2:162-,0.156832
PB2:162V,1.0
PB2:163-,0.156832
PB2:163I,1.0
PB2:164-,0.156832
PB2:164M,1.0
PB2:165-,0.156832
PB2:165E,1.0
PB2:166-,0.15622
PB2:166I,0.026346
PB2:166V,1.0
PB2:167-,0.156832
PB2:167V,1.0
PB2:168-,0.156832
PB2:168F,1.0
PB2:169-,0.156832
PB2:169P,1.0
PB2:16T,1.0
PB2:17-,0.0
PB2:170-,0.156832
PB2:170N,1.0
PB2:171-,0.156832
PB2:171E,1.0
PB2:172-,0.177722
PB2:172M,0.026921
PB2:172V,1.0
PB2:173-,0.156832
PB2:173G,1.0
PB2:174-,0.156832
PB2:174A,1.0
PB2:175-,0.153974
PB2:175K,0.088093
PB2:175R,1.0
PB2:176-,0.156832
PB2:176I,1.0
PB2:177-,0.156832
PB2:177L,1.0
PB2:178-,0.156832
PB2:178T,1.0
PB2:179-,0.156832
PB2:179S,1.0
PB2:17C,0.28417
PB2:17R,1.0
PB2:18-,0.285796
PB2:180-,0.156832
PB2:180E,1.0
PB2:181-,0.156832
PB2:181S,1.0
PB2:182-,0.156832
PB2:182Q,1.0
PB2:183-,0.156832
PB2:183L,1.0
PB2:184-,0.154225
PB2:184A,0.032007
PB2:184T,1.0
PB2:185-,0.158515
PB2:185I,1.0
PB2:185V,0.02159
PB2:186-,0.156832
PB2:186T,1.0
PB2:187-,0.156832
PB2:187K,1.0
PB2:188-,0.156832
PB2:188E,1.0
PB2:189-,0.156832
PB2:189K,1.0
PB2:18E,1.0
PB2:19-,0.285796
PB2:190-,0.156832
PB2:190K,1.0
PB2:191-,0.156832
PB2:191E,1.0
PB2:192-,0.156832
PB2:192E,1.0
PB2:193-,0.156832
PB2:193L,1.0
PB2:194-,0.150808
PB2:194Q,1.0
PB2:194R,0.9999
PB2:195-,0.154479
PB2:195D,1.0
PB2:195other,0.22929
PB2:196-,0.156832
PB2:196C,1.0
PB2:197-,0.156832
PB2:197K,1.0
PB2:198-,0.156832
PB2:198I,1.0
PB2:199-,0.156832
PB2:199S,1.0
PB2:19I,1.0
PB2:1M,1.0
PB2:2-,0.454411
PB2:20-,0.285796
PB2:200-,0.154367
PB2:200P,1.0
PB2:201-,0.154367
PB2:201L,1.0
PB2:202-,0.15053
PB2:202M,1.0
PB2:202V,0.016875
PB2:203-,0.154367
PB2:203V,1.0
PB2:204-,0.154367
PB2:204A,1.0
PB2:205-,0.154367
PB2:205Y,1.0
PB2:206-,0.154367
PB2:206M,1.0
PB2:207-,0.154367
PB2:207L,1.0
PB2:208-,0.154367
PB2:208E,1.0
PB2:209-,0.154367
PB2:209R,1.0
PB2:20L,1.0
PB2:21-,0.285796
PB2:210-,0.154367
PB2:210E,1.0
PB2:211-,0.154367
PB2:211L,1.0
PB2:212-,0.154367
PB2:212V,1.0
PB2:213-,0.154367
PB2:213R,1.0
PB2:214-,0.154367
PB2:214K,1.0
PB2:215-,0.154367
PB2:215T,1.0
PB2:216-,0.152837
PB2:216G,0.01907
PB2:216R,1.0
PB2:217-,0.154367
PB2:217F,1.0
PB2:218-,0.154367
PB2:218L,1.0
PB2:219-,0.154367
PB2:219P,1.0
PB2:21T,1.0
PB2:22-,0.285796
PB2:220-,0.153014
PB2:220I,0.021097
PB2:220V,1.0
PB2:221-,0.150005
PB2:221A,1.0
PB2:221S,0.458776
PB2:221other,0.006454
PB2:222-,0.154367
PB2:222G,1.0
PB2:223-,0.154367
PB2:223G,1.0
PB2:224-,0.154367
PB2:224T,1.0
PB2:225-,0.154367
PB2:225S,1.0
PB2:226-,0.154367
PB2:226S,1.0
PB2:227-,0.148669
PB2:227I,1.0
PB2:227M,0.965287
PB2:227V,1.0
PB2:228-,0.154367
PB2:228Y,1.0
PB2:229-,0.154367
PB2:229I,1.0
PB2:22K,1.0
PB2:23-,0.285796
PB2:230-,0.154367
PB2:230E,1.0
PB2:231-,0.149722
PB2:231I,0.023093
PB2:231V,1.0
PB2:232-,0.154367
PB2:232L,1.0
PB2:233-,0.154367
PB2:233H,1.0
PB2:234-,0.154367
PB2:234L,1.0
PB2:235-,0.154367
PB2:235T,1.0
PB2:236-,0.154367
PB2:236Q,1.0
PB2:237-,0.154367
PB2:237G,1.0
PB2:238-,0.154367
PB2:238T,1.0
PB2:239-,0.154367
PB2:239C,1.0
PB2:23T,1.0
PB2:24-,0.285796
PB2:240-,0.154367
PB2:240W,1.0
PB2:241-,0.154367
PB2:241E,1.0
PB2:242-,0.154367
PB2:242Q,1.0
PB2:243-,0.154367
PB2:243M,1.0
PB2:244-,0.154367
PB2:244Y,1.0
PB2:245-,0.154367
PB2:245T,1.0
PB2:246-,0.154367
PB2:246P,1.0
PB2:247-,0.154149
PB2:247G,1.0
PB2:247S,0.000317
PB2:248-,0.154367
PB2:248G,1.0
PB2:249-,0.164383
PB2:249D,0.000261
PB2:249E,0.999358
PB2:249G,1.0
PB2:24T,1.0
PB2:25-,0.285796
PB2:250-,0.154367
PB2:250V,1.0
PB2:251-,0.150551
PB2:251K,0.295841
PB2:251R,1.0
PB2:252-,0.153553
PB2:252N,1.0
PB2:252S,0.000315
PB2:253-,0.154367
PB2:253D,1.0
PB2:254-,0.154367
PB2:254D,1.0
PB2:255-,0.1372
PB2:255I,0.514186
PB2:255V,1.0
PB2:255other,0.012938
PB2:256-,0.154367
PB2:256D,1.0
PB2:257-,0.154367
PB2:257Q,1.0
PB2:258-,0.154367
PB2:258S,1.0
PB2:259-,0.154367
PB2:259L,1.0
PB2:25V,1.0
PB2:26-,0.285796
PB2:260-,0.15217
PB2:260I,1.0
PB2:260V,0.05126
PB2:261-,0.154367
PB2:261I,1.0
PB2:262-,0.154367
PB2:262A,1.0
PB2:263-,0.154367
PB2:263A,1.0
PB2:264-,0.154367
PB2:264R,1.0
PB2:265-,0.154367
PB2:265N,1.0
PB2:266-,0.154367
PB2:266I,1.0
PB2:267-,0.154367
PB2:267V,1.0
PB2:268-,0.154367
PB2:268R,1.0
PB2:269-,0.154367
PB2:269R,1.0
PB2:26D,1.0
PB2:27-,0.285796
PB2:270-,0.154367
PB2:270A,1.0
PB2:271-,0.149454
PB2:271A,1.0
PB2:271other,0.089968
PB2:272-,0.154367
PB2:272V,1.0
PB2:273-,0.154367
PB2:273S,1.0
PB2:274-,0.154367
PB2:274A,1.0
PB2:275-,0.154367
PB2:275D,1.0
PB2:276-,0.154367
PB2:276P,1.0
PB2:277-,0.154367
PB2:277L,1.0
PB2:278-,0.154367
PB2:278A,1.0
PB2:279-,0.154367
PB2:279S,1.0
PB2:27H,1.0
PB2:28-,0.278548
PB2:280-,0.154367
PB2:280L,1.0
PB2:281-,0.154367
PB2:281L,1.0
PB2:282-,0.154367
PB2:282E,1.0
PB2:283-,0.149969
PB2:283M,1.0
PB2:283other,0.037673
PB2:284-,0.154367
PB2:284C,1.0
PB2:285-,0.154367
PB2:285H,1.0
PB2:286-,0.139893
PB2:286G,0.000308
PB2:286S,1.0
PB2:287-,0.154367
PB2:287T,1.0
PB2:288-,0.1443
PB2:288L,0.222008
PB2:288Q,1.0
PB2:289-,0.150674
PB2:289I,1.0
PB2:289L,0.015914
PB2:28M,1.0
PB2:28V,0.015812
PB2:29-,0.285796
PB2:290-,0.150641
PB2:290G,1.0
PB2:290V,0.01592
PB2:291-,0.150179
PB2:291G,1.0
PB2:291other,0.01604
PB2:292-,0.155123
PB2:292T,0.9999
PB2:292other,0.027988
PB2:293-,0.147261
PB2:293K,0.469478
PB2:293M,0.04552
PB2:293R,1.0
PB2:294-,0.154367
PB2:294M,1.0
PB2:295-,0.154189
PB2:295M,0.117924
PB2:295V,1.0
PB2:296-,0.154367
PB2:296D,1.0
PB2:297-,0.154367
PB2:297I,1.0
PB2:298-,0.154367
PB2:298L,1.0
PB2:299-,0.148094
PB2:299I,0.009161
PB2:299K,0.547753
PB2:299R,1.0
PB2:29A,1.0
PB2:2E,1.0
PB2:3-,0.453383
PB2:30-,0.0
PB2:301N,1.0
PB2:301other,0.154098
PB2:30I,1.0
PB2:30V,0.284732
PB2:31-,0.285796
PB2:315M,1.0
PB2:315other,0.204434
PB2:318R,1.0
PB2:318other,0.14858
PB2:31I,1.0
PB2:32-,0.304512
PB2:327G,1.0
PB2:327other,0.149746
PB2:328F,1.0
PB2:328other,0.148646
PB2:32K,1.0
PB2:32R,0.033578
PB2:33-,0.285796
PB2:332R,1.0
PB2:332other,0.146273
PB2:335G,1.0
PB2:335other,0.148993
PB2:336S,1.0
PB2:336other,0.147709
PB2:338I,0.999772
PB2:338V,1.0
PB2:338other,0.130459
PB2:33K,1.0
PB2:34-,0.285796
PB2:340K,0.9999
PB2:340R,1.0
PB2:340other,0.157623
PB2:341-,0.152898
PB2:341E,1.0
PB2:342-,0.15481
PB2:342E,1.0
PB2:343-,0.154945
PB2:343E,1.0
PB2:344-,0.152893
PB2:344L,0.857226
PB2:344M,0.019959
PB2:344V,1.0
PB2:345-,0.183227
PB2:345F,0.016146
PB2:345L,1.0
PB2:346-,0.184433
PB2:346T,1.0
PB2:347-,0.184433
PB2:347G,1.0
PB2:348-,0.184433
PB2:348N,1.0
PB2:349-,0.184433
PB2:349L,1.0
PB2:34Y,1.0
PB2:35-,0.285796
PB2:350-,0.184433
PB2:350Q,1.0
PB2:351-,0.184433
PB2:351T,1.0
PB2:352-,0.184433
PB2:352L,1.0
PB2:353-,0.169615
PB2:353K,1.0
PB2:353R,0.999849
PB2:354-,0.180738
PB2:354I,1.0
PB2:354other,0.027902
PB2:355-,0.180519
PB2:355G,6e-05
PB2:355K,0.35856
PB2:355R,1.0
PB2:356-,0.178796
PB2:356V,1.0
PB2:356other,0.028565
PB2:357-,0.184425
PB2:357H,1.0
PB2:357Y,0.000342
PB2:358-,0.183508
PB2:358E,1.0
PB2:358other,0.026856
PB2:359-,0.184433
PB2:359G,1.0
PB2:35T,1.0
PB2:36-,0.280989
PB2:360-,0.184852
PB2:360H,0.000199
PB2:360Y,1.0
PB2:361-,0.181832
PB2:361E,1.0
PB2:361G,0.016985
PB2:362-,0.184062
PB2:362E,1.0
PB2:363-,0.184062
PB2:363F,1.0
PB2:364-,0.184062
PB2:364T,1.0
PB2:365-,0.180626
PB2:365M,1.0
PB2:365other,0.251658
PB2:366-,0.184062
PB2:366V,1.0
PB2:367-,0.184062
PB2:367G,1.0
PB2:368-,0.182772
PB2:368K,0.9999
PB2:368R,0.039192
PB2:369-,0.18668
PB2:369K,0.000184
PB2:369R,1.0
PB2:36S,1.0
PB2:36T,0.029257
PB2:37-,0.285796
PB2:370-,0.184062
PB2:370A,1.0
PB2:371-,0.184062
PB2:371T,1.0
PB2:372-,0.183346
PB2:372A,1.0
PB2:372P,0.000191
PB2:373-,0.184062
PB2:373I,1.0
PB2:374-,0.184562
PB2:374I,0.215411
PB2:374L,1.0
PB2:375-,0.184062
PB2:375R,1.0
PB2:376-,0.184062
PB2:376K,1.0
PB2:377-,0.179472
PB2:377A,1.0
PB2:377T,0.020812
PB2:378-,0.184062
PB2:378T,1.0
PB2:379-,0.184062
PB2:379R,1.0
PB2:37G,1.0
PB2:38-,0.285796
PB2:380-,0.184062
PB2:380R,1.0
PB2:381-,0.184062
PB2:381L,1.0
PB2:382-,0.180346
PB2:382I,0.04018
PB2:382V,1.0
PB2:383-,0.184062
PB2:383Q,1.0
PB2:384-,0.177521
PB2:384F,0.025237
PB2:384L,1.0
PB2:385-,0.184062
PB2:385I,1.0
PB2:386-,0.184062
PB2:386V,1.0
PB2:387-,0.182497
PB2:387N,0.017112
PB2:387S,1.0
PB2:388-,0.184062
PB2:388G,1.0
PB2:389-,0.177456
PB2:389K,0.655329
PB2:389R,1.0
PB2:38R,1.0
PB2:39-,0.285796
PB2:390-,0.183609
PB2:390D,1.0
PB2:390N,0.023354
PB2:391-,0.169382
PB2:391D,0.451996
PB2:391E,1.0
PB2:392-,0.184062
PB2:392Q,1.0
PB2:393-,0.184062
PB2:393S,1.0
PB2:394-,0.180218
PB2:394I,1.0
PB2:394V,0.851378
PB2:395-,0.184062
PB2:395A,1.0
PB2:396-,0.184079
PB2:396E,1.0
PB2:396G,0.000191
PB2:397-,0.180317
PB2:397A,1.0
PB2:397V,0.02086
PB2:398-,0.181991
PB2:398I,1.0
PB2:398L,0.023624
PB2:399-,0.184062
PB2:399I,1.0
PB2:39Q,1.0
PB2:3R,1.0
PB2:4-,0.0
PB2:40-,0.285796
PB2:400-,0.184062
PB2:400V,1.0
PB2:401-,0.184062
PB2:401A,1.0
PB2:402-,0.18439
PB2:402I,0.442082
PB2:402M,1.0
PB2:403-,0.184062
PB2:403V,1.0
PB2:404-,0.184062
PB2:404F,1.0
PB2:405-,0.184062
PB2:405S,1.0
PB2:406-,0.184062
PB2:406Q,1.0
PB2:407-,0.184062
PB2:407E,1.0
PB2:408-,0.184062
PB2:408D,1.0
PB2:409-,0.181235
PB2:409C,1.0
PB2:409R,0.025032
PB2:40E,1.0
PB2:41-,0.285796
PB2:410-,0.184605
PB2:410M,1.0
PB2:410V,0.792557
PB2:411-,0.184147
PB2:411I,1.0
PB2:411V,0.000189
PB2:412-,0.184062
PB2:412K,1.0
PB2:413-,0.179178
PB2:413A,1.0
PB2:413S,0.02043
PB2:414-,0.184062
PB2:414V,1.0
PB2:415-,0.184062
PB2:415R,1.0
PB2:416-,0.184062
PB2:416G,1.0
PB2:417-,0.184062
PB2:417D,1.0
PB2:418-,0.184062
PB2:418L,1.0
PB2:419-,0.184062
PB2:419N,1.0
PB2:41K,1.0
PB2:42-,0.285796
PB2:420-,0.184062
PB2:420F,1.0
PB2:421-,0.184062
PB2:421V,1.0
PB2:422-,0.184062
PB2:422N,1.0
PB2:423-,0.184062
PB2:423R,1.0
PB2:424-,0.184062
PB2:424A,1.0
PB2:425-,0.184062
PB2:425N,1.0
PB2:426-,0.184062
PB2:426Q,1.0
PB2:427-,0.184062
PB2:427R,1.0
PB2:428-,0.184062
PB2:428L,1.0
PB2:429-,0.179155
PB2:429D,0.019664
PB2:429N,1.0
PB2:42N,1.0
PB2:43-,0.285796
PB2:430-,0.184062
PB2:430P,1.0
PB2:431-,0.184062
PB2:431M,1.0
PB2:432-,0.184062
PB2:432H,1.0
PB2:433-,0.184062
PB2:433Q,1.0
PB2:434-,0.189677
PB2:434F,0.018262
PB2:434L,1.0
PB2:435-,0.184062
PB2:435L,1.0
PB2:436-,0.184062
PB2:436R,1.0
PB2:437-,0.184062
PB2:437H,1.0
PB2:438-,0.184062
PB2:438F,1.0
PB2:439-,0.184062
PB2:439Q,1.0
PB2:43P,1.0
PB2:44-,0.281632
PB2:440-,0.184062
PB2:440K,1.0
PB2:441-,0.179891
PB2:441D,1.0
PB2:441other,0.026694
PB2:442-,0.184062
PB2:442A,1.0
PB2:443-,0.184034
PB2:443K,1.0
PB2:443R,0.000189
PB2:444-,0.192857
PB2:444I,0.258331
PB2:444M,0.021964
PB2:444V,1.0
PB2:445-,0.184062
PB2:445L,1.0
PB2:446-,0.184207
PB2:446F,1.0
PB2:446L,0.012202
PB2:447-,0.186292
PB2:447Q,1.0
PB2:447other,0.022984
PB2:448-,0.187602
PB2:448N,1.0
PB2:449-,0.187602
PB2:449W,1.0
PB2:44A,0.000213
PB2:44S,1.0
PB2:45-,0.257612
PB2:450-,0.185015
PB2:450E,0.014521
PB2:450G,1.0
PB2:451-,0.193276
PB2:451I,0.99954
PB2:451L,0.027952
PB2:451V,0.9999
PB2:452-,0.187602
PB2:452E,1.0
PB2:453-,0.188225
PB2:453H,1.0
PB2:453other,0.04332
PB2:454-,0.187602
PB2:454I,1.0
PB2:455-,0.187602
PB2:455D,1.0
PB2:456-,0.184255
PB2:456N,1.0
PB2:456S,1.0
PB2:457-,0.186992
PB2:457G,0.01692
PB2:457V,1.0
PB2:458-,0.187602
PB2:458M,1.0
PB2:459-,0.187602
PB2:459G,1.0
PB2:45L,1.0
PB2:46-,0.251414
PB2:460-,0.187602
PB2:460M,1.0
PB2:461-,0.203862
PB2:461I,1.0
PB2:461V,0.9999
PB2:462-,0.187602
PB2:462G,1.0
PB2:463-,0.180658
PB2:463I,0.277373
PB2:463V,1.0
PB2:464-,0.18797
PB2:464L,1.0
PB2:465-,0.18502
PB2:465P,1.0
PB2:465other,0.023845
PB2:466-,0.18797
PB2:466D,1.0
PB2:467-,0.185912
PB2:467L,0.017838
PB2:467M,1.0
PB2:468-,0.185413
PB2:468T,1.0
PB2:468other,0.020331
PB2:469-,0.18797
PB2:469P,1.0
PB2:46R,1.0
PB2:47-,0.0
PB2:470-,0.187249
PB2:470N,0.014492
PB2:470S,1.0
PB2:471-,0.189667
PB2:471T,1.0
PB2:471other,0.0362
PB2:472-,0.185712
PB2:472D,0.073363
PB2:472E,1.0
PB2:473-,0.182128
PB2:473M,1.0
PB2:473other,0.170291
PB2:474-,0.18797
PB2:474S,1.0
PB2:475-,0.186564
PB2:475L,0.02147
PB2:475M,1.0
PB2:476-,0.18797
PB2:476R,1.0
PB2:477-,0.18797
PB2:477G,1.0
PB2:478-,0.188817
PB2:478I,1.0
PB2:478V,0.021863
PB2:479-,0.18797
PB2:479R,1.0
PB2:47M,1.0
PB2:47V,0.254495
PB2:48-,0.251414
PB2:480-,0.185817
PB2:480I,0.148512
PB2:480V,1.0
PB2:481-,0.18797
PB2:481S,1.0
PB2:482-,0.18797
PB2:482K,1.0
PB2:483-,0.187758
PB2:483M,1.0
PB2:483T,0.015262
PB2:484-,0.18797
PB2:484G,1.0
PB2:485-,0.18797
PB2:485V,1.0
PB2:486-,0.18797
PB2:486D,1.0
PB2:487-,0.18797
PB2:487E,1.0
PB2:488-,0.18797
PB2:488Y,1.0
PB2:489-,0.186908
PB2:489S,1.0
PB2:489T,0.015532
PB2:48K,1.0
PB2:49-,0.251414
PB2:490-,0.188048
PB2:490R,0.000368
PB2:490S,1.0
PB2:491-,0.18797
PB2:491T,1.0
PB2:492-,0.18797
PB2:492E,1.0
PB2:493-,0.172658
PB2:493R,1.0
PB2:493other,0.064088
PB2:494-,0.188106
PB2:494I,0.44639
PB2:494V,1.0
PB2:495-,0.18797
PB2:495V,1.0
PB2:496-,0.18797
PB2:496V,1.0
PB2:497-,0.187959
PB2:497N,0.233046
PB2:497S,1.0
PB2:498-,0.18797
PB2:498I,1.0
PB2:499-,0.18797
PB2:499D,1.0
PB2:49W,1.0
PB2:4I,1.0
PB2:4L,0.453945
PB2:5-,0.453569
PB2:50-,0.251414
PB2:500-,0.18797
PB2:500R,1.0
PB2:501-,0.213928
PB2:501F,1.0
PB2:502-,0.184548
PB2:502L,1.0
PB2:503-,0.184365
PB2:503K,0.000369
PB2:503R,1.0
PB2:504-,0.186368
PB2:504I,0.000183
PB2:504V,1.0
PB2:505-,0.184548
PB2:505R,1.0
PB2:506-,0.184548
PB2:506D,1.0
PB2:507-,0.184548
PB2:507Q,1.0
PB2:508-,0.180605
PB2:508R,1.0
PB2:508other,0.033753
PB2:509-,0.184646
PB2:509G,1.0
PB2:509W,0.000371
PB2:50M,1.0
PB2:51-,0.253275
PB2:510-,0.183504
PB2:510D,0.014213
PB2:510N,1.0
PB2:511-,0.181773
PB2:511I,0.024609
PB2:511V,1.0
PB2:512-,0.184548
PB2:512L,1.0
PB2:513-,0.184548
PB2:513L,1.0
PB2:514-,0.184548
PB2:514S,1.0
PB2:515-,0.184548
PB2:515P,1.0
PB2:516-,0.184548
PB2:516E,1.0
PB2:517-,0.184548
PB2:517E,1.0
PB2:518-,0.184324
PB2:518I,0.031859
PB2:518V,1.0
PB2:519-,0.184548
PB2:519S,1.0
PB2:51M,1.0
PB2:52-,0.25222
PB2:520-,0.184548
PB2:520E,1.0
PB2:521-,0.184548
PB2:521T,1.0
PB2:522-,0.184626
PB2:522H,0.370056
PB2:522Q,1.0
PB2:523-,0.184548
PB2:523G,1.0
PB2:524-,0.183075
PB2:524T,1.0
PB2:524other,0.022947
PB2:525-,0.184548
PB2:525E,1.0
PB2:526-,1.0
PB2:526K,0.018867
PB2:526R,1.0
PB2:527-,0.184548
PB2:527L,1.0
PB2:528-,0.184548
PB2:528T,1.0
PB2:529-,0.185076
PB2:529I,1.0
PB2:529V,0.018724
PB2:52A,1.0
PB2:53-,0.253114
PB2:530-,0.184503
PB2:530S,0.000367
PB2:530T,1.0
PB2:531-,0.184548
PB2:531Y,1.0
PB2:532-,0.181193
PB2:532L,0.022567
PB2:532S,1.0
PB2:533-,0.184548
PB2:533S,1.0
PB2:534-,0.184548
PB2:534S,1.0
PB2:535-,0.184548
PB2:535M,1.0
PB2:536-,0.184548
PB2:536M,1.0
PB2:537-,0.184548
PB2:537W,1.0
PB2:538-,0.184548
PB2:538E,1.0
PB2:539-,0.183674
PB2:539I,1.0
PB2:539other,0.022798
PB2:53M,1.0
PB2:54-,0.246296
PB2:540-,0.183762
PB2:540N,1.0
PB2:540T,0.01481
PB2:541-,0.184548
PB2:541G,1.0
PB2:542-,0.184548
PB2:542P,1.0
PB2:543-,0.184548
PB2:543E,1.0
PB2:544-,0.184548
PB2:544S,1.0
PB2:545-,0.182766
PB2:545I,0.086672
PB2:545V,1.0
PB2:546-,0.184548
PB2:546L,1.0
PB2:547-,0.181345
PB2:547I,0.023313
PB2:547V,1.0
PB2:548-,0.184548
PB2:548N,1.0
PB2:549-,0.184548
PB2:549T,1.0
PB2:54K,1.0
PB2:54R,0.016462
PB2:55-,0.253114
PB2:550-,0.184548
PB2:550Y,1.0
PB2:551-,0.184548
PB2:551Q,1.0
PB2:552-,0.184548
PB2:552W,1.0
PB2:553-,0.184293
PB2:553I,1.0
PB2:553V,0.757698
PB2:554-,0.183895
PB2:554I,1.0
PB2:554other,0.020736
PB2:555-,0.188026
PB2:555K,0.019861
PB2:555R,1.0
PB2:556-,0.184548
PB2:556N,1.0
PB2:557-,0.184548
PB2:557W,1.0
PB2:558-,0.184548
PB2:558E,1.0
PB2:559-,0.18155
PB2:559A,0.9999
PB2:559T,0.9999
PB2:559other,0.453302
PB2:55Y,1.0
PB2:56-,0.253114
PB2:560-,0.184339
PB2:560I,0.492768
PB2:560V,1.0
PB2:561-,0.184548
PB2:561K,1.0
PB2:562-,0.184548
PB2:562I,1.0
PB2:563-,0.184548
PB2:563Q,1.0
PB2:564-,0.184548
PB2:564W,1.0
PB2:565-,0.184548
PB2:565S,1.0
PB2:566-,0.184645
PB2:566H,0.000365
PB2:566Q,1.0
PB2:567-,0.193312
PB2:567N,1.0
PB2:567other,0.059995
PB2:568-,0.184548
PB2:568P,1.0
PB2:569-,0.17598
PB2:569A,1.0
PB2:569S,0.226206
PB2:569T,1.0
PB2:56P,1.0
PB2:57-,0.253114
PB2:570-,0.184521
PB2:570I,0.000369
PB2:570M,1.0
PB2:571-,0.184685
PB2:571K,0.016799
PB2:571L,1.0
PB2:572-,0.184548
PB2:572Y,1.0
PB2:573-,0.184548
PB2:573N,1.0
PB2:574-,0.18462
PB2:574K,1.0
PB2:574R,0.000368
PB2:575-,0.184192
PB2:575M,1.0
PB2:575other,0.283701
PB2:576-,0.184548
PB2:576E,1.0
PB2:577-,0.184548
PB2:577F,1.0
PB2:578-,0.184548
PB2:578E,1.0
PB2:579-,0.184548
PB2:579P,1.0
PB2:57I,1.0
PB2:58-,0.253114
PB2:580-,0.184548
PB2:580F,1.0
PB2:581-,0.184548
PB2:581Q,1.0
PB2:582-,0.184548
PB2:582S,1.0
PB2:583-,0.184548
PB2:583L,1.0
PB2:584-,0.182713
PB2:584I,0.039722
PB2:584V,1.0
PB2:585-,0.184548
PB2:585P,1.0
PB2:586-,0.184548
PB2:586K,1.0
PB2:587-,0.184548
PB2:587A,1.0
PB2:588-,0.184724
PB2:588I,1.0
PB2:588T,1.0
PB2:588other,0.060734
PB2:589-,0.165076
PB2:589R,1.0
PB2:58T,1.0
PB2:59-,0.250735
PB2:590-,0.16562
PB2:590G,1.0
PB2:590S,1.0
PB2:590other,0.027981
PB2:591-,0.16321
PB2:591Q,1.0
PB2:591other,0.019145
PB2:592-,0.165089
PB2:592Y,1.0
PB2:593-,0.165089
PB2:593S,1.0
PB2:594-,0.165089
PB2:594G,1.0
PB2:595-,0.165156
PB2:595F,1.0
PB2:595L,0.018597
PB2:596-,0.165089
PB2:596V,1.0
PB2:597-,0.165089
PB2:597R,1.0
PB2:598-,0.165089
PB2:598T,1.0
PB2:599-,0.165042
PB2:599L,1.0
PB2:59A,1.0
PB2:59D,0.024452
PB2:5K,1.0
PB2:6-,0.453569
PB2:60-,0.253114
PB2:600-,0.165042
PB2:600F,1.0
PB2:601-,0.165042
PB2:601Q,1.0
PB2:602-,0.165042
PB2:602Q,1.0
PB2:603-,0.165042
PB2:603M,1.0
PB2:604-,0.165042
PB2:604R,1.0
PB2:605-,0.165042
PB2:605D,1.0
PB2:606-,0.159986
PB2:606I,0.020691
PB2:606V,1.0
PB2:607-,0.158238
PB2:607I,0.036767
PB2:607L,1.0
PB2:608-,0.165042
PB2:608G,1.0
PB2:609-,0.165042
PB2:609T,1.0
PB2:60D,1.0
PB2:61-,0.246045
PB2:610-,0.165042
PB2:610F,1.0
PB2:611-,0.0
PB2:611D,1.0
PB2:611E,0.164537
PB2:612-,0.165042
PB2:612T,1.0
PB2:613-,0.147837
PB2:613A,1.0
PB2:613T,0.999856
PB2:613other,0.141471
PB2:614-,0.165042
PB2:614Q,1.0
PB2:615-,0.165042
PB2:615I,1.0
PB2:616-,0.161967
PB2:616I,1.0
PB2:616M,0.021878
PB2:617-,0.165042
PB2:617K,1.0
PB2:618-,0.165042
PB2:618L,1.0
PB2:619-,0.165042
PB2:619L,1.0
PB2:61K,1.0
PB2:61R,0.019725
PB2:62-,0.250543
PB2:620-,0.165077
PB2:620P,1.0
PB2:621-,0.164961
PB2:621F,1.0
PB2:622-,0.164961
PB2:622A,1.0
PB2:623-,0.0
PB2:623A,1.0
PB2:623T,0.164586
PB2:624-,0.164961
PB2:624A,1.0
PB2:625-,0.164961
PB2:625P,1.0
PB2:626-,0.164961
PB2:626P,1.0
PB2:627-,0.163346
PB2:627E,0.059493
PB2:627K,1.0
PB2:628-,0.164961
PB2:628Q,1.0
PB2:629-,0.0
PB2:629G,0.164988
PB2:629S,1.0
PB2:62K,0.046602
PB2:62R,1.0
PB2:63-,0.211411
PB2:630-,0.164961
PB2:630R,1.0
PB2:631-,0.164961
PB2:631M,1.0
PB2:632-,0.164961
PB2:632Q,1.0
PB2:633-,0.164961
PB2:633F,1.0
PB2:634-,0.164961
PB2:634S,1.0
PB2:635-,0.164961
PB2:635S,1.0
PB2:636-,0.163679
PB2:636F,0.000202
PB2:636L,1.0
PB2:637-,0.0
PB2:637I,0.164643
PB2:637T,1.0
PB2:638-,0.0
PB2:638I,0.164822
PB2:638V,1.0
PB2:639-,0.164961
PB2:639N,1.0
PB2:63I,1.0
PB2:63V,0.901091
PB2:64-,0.245961
PB2:640-,0.164961
PB2:640V,1.0
PB2:641-,0.164961
PB2:641R,1.0
PB2:642-,0.164961
PB2:642G,1.0
PB2:643-,0.164961
PB2:643S,1.0
PB2:644-,0.0
PB2:644G,1.0
PB2:644R,0.176057
PB2:645-,0.162815
PB2:645L,0.075491
PB2:645M,1.0
PB2:646-,0.164961
PB2:646R,1.0
PB2:647-,0.164961
PB2:647I,1.0
PB2:648-,0.164961
PB2:648L,1.0
PB2:649-,0.0
PB2:649I,0.163253
PB2:649V,1.0
PB2:64I,0.12948
PB2:64T,1.0
PB2:65-,0.244413
PB2:650-,0.164961
PB2:650R,1.0
PB2:651-,0.164961
PB2:651G,1.0
PB2:652-,0.164961
PB2:652N,1.0
PB2:653-,0.164961
PB2:653S,1.0
PB2:654-,0.164961
PB2:654P,1.0
PB2:655-,0.163679
PB2:655A,0.000202
PB2:655V,1.0
PB2:656-,0.164961
PB2:656F,1.0
PB2:657-,0.164961
PB2:657N,1.0
PB2:658-,0.164961
PB2:658Y,1.0
PB2:659-,0.164961
PB2:659N,1.0
PB2:65E,1.0
PB2:65other,0.021175
PB2:66-,0.245358
PB2:660-,0.161493
PB2:660K,1.0
PB2:660R,0.030682
PB2:661-,0.16431
PB2:661T,1.0
PB2:661other,0.039452
PB2:662-,0.164961
PB2:662T,1.0
PB2:663-,0.165062
PB2:663K,1.0
PB2:664-,0.165062
PB2:664R,1.0
PB2:665-,0.165062
PB2:665L,1.0
PB2:666-,0.165062
PB2:666T,1.0
PB2:667-,0.14512
PB2:667I,1.0
PB2:667V,0.647989
PB2:668-,0.0
PB2:668I,0.164038
PB2:668L,1.0
PB2:669-,0.165062
PB2:669G,1.0
PB2:66M,1.0
PB2:66other,0.021637
PB2:67-,0.244671
PB2:670-,0.165062
PB2:670K,1.0
PB2:671-,0.165062
PB2:671D,1.0
PB2:672-,0.165062
PB2:672A,1.0
PB2:673-,0.165062
PB2:673G,1.0
PB2:674-,0.021829
PB2:674T,1.0
PB2:674other,0.243884
PB2:675-,0.165062
PB2:675L,1.0
PB2:676-,0.13007
PB2:676I,1.0
PB2:676T,0.127446
PB2:676other,0.052412
PB2:677-,0.165062
PB2:677E,1.0
PB2:678-,0.165062
PB2:678D,1.0
PB2:679-,0.165062
PB2:679P,1.0
PB2:67I,0.189043
PB2:67V,1.0
PB2:68-,0.253114
PB2:680-,0.161427
PB2:680D,1.0
PB2:680other,0.036491
PB2:681-,0.165062
PB2:681E,1.0
PB2:682-,0.154146
PB2:682G,1.0
PB2:682N,0.274783
PB2:682S,0.9999
PB2:683-,0.158322
PB2:683T,1.0
PB2:683other,0.10048
PB2:684-,0.163527
PB2:684A,0.000194
PB2:684S,1.0
PB2:685-,0.165062
PB2:685G,1.0
PB2:686-,0.165062
PB2:686V,1.0
PB2:687-,0.165062
PB2:687E,1.0
PB2:688-,0.164961
PB2:688S,1.0
PB2:689-,0.164961
PB2:689A,1.0
PB2:68P,1.0
PB2:69-,0.165759
PB2:690-,0.164961
PB2:690V,1.0
PB2:691-,0.164961
PB2:691L,1.0
PB2:692-,0.164961
PB2:692R,1.0
PB2:693-,0.164961
PB2:693G,1.0
PB2:694-,0.164961
PB2:694F,1.0
PB2:695-,0.164961
PB2:695L,1.0
PB2:696-,0.164961
PB2:696I,1.0
PB2:697-,0.144029
PB2:697I,1.0
PB2:697L,1.0
PB2:698-,0.164961
PB2:698G,1.0
PB2:699-,0.164961
PB2:699K,1.0
PB2:69E,1.0
PB2:6E,1.0
PB2:7-,0.453343
PB2:70-,0.149176
PB2:700-,0.164961
PB2:700E,1.0
PB2:701-,0.163062
PB2:701D,1.0
PB2:701other,0.137589
PB2:702-,0.162197
PB2:702K,0.08061
PB2:702R,1.0
PB2:703-,0.164961
PB2:703R,1.0
PB2:704-,0.164961
PB2:704Y,1.0
PB2:705-,0.164961
PB2:705G,1.0
PB2:706-,0.164961
PB2:706P,1.0
PB2:707-,0.164961
PB2:707A,1.0
PB2:708-,0.164961
PB2:708L,1.0
PB2:709-,0.161309
PB2:709C,0.032915
PB2:709S,1.0
PB2:70K,0.034335
PB2:70R,1.0
PB2:71-,0.154367
PB2:710-,0.164961
PB2:710I,1.0
PB2:711-,0.162041
PB2:711N,1.0
PB2:711T,0.068985
PB2:712-,0.164961
PB2:712E,1.0
PB2:713-,0.164961
PB2:713L,1.0
PB2:714-,0.162111
PB2:714S,1.0
PB2:714other,0.085004
PB2:715-,0.160209
PB2:715N,1.0
PB2:715other,0.141719
PB2:716-,0.164961
PB2:716L,1.0
PB2:717-,0.164007
PB2:717A,1.0
PB2:717other,0.023631
PB2:718-,0.1775
PB2:718K,1.0
PB2:718R,0.029354
PB2:719-,0.164033
PB2:719G,1.0
PB2:719R,0.016367
PB2:71N,1.0
PB2:72-,0.154031
PB2:720-,0.164907
PB2:720E,1.0
PB2:721-,0.164127
PB2:721K,1.0
PB2:721R,0.030988
PB2:722-,0.164907
PB2:722A,1.0
PB2:723-,0.164907
PB2:723N,1.0
PB2:724-,0.164907
PB2:724V,1.0
PB2:725-,0.164907
PB2:725L,1.0
PB2:726-,0.164907
PB2:726I,1.0
PB2:727-,0.164907
PB2:727G,1.0
PB2:728-,0.296014
PB2:728Q,1.0
PB2:729-,0.296014
PB2:729G,1.0
PB2:72E,1.0
PB2:72K,0.000316
PB2:73-,0.158891
PB2:730-,0.296014
PB2:730D,1.0
PB2:731-,0.296014
PB2:731V,1.0
PB2:732-,0.296014
PB2:732V,1.0
PB2:733-,0.296014
PB2:733L,1.0
PB2:734-,0.296022
PB2:734V,1.0
PB2:735-,0.296022
PB2:735M,1.0
PB2:736-,0.296022
PB2:736K,1.0
PB2:737-,0.296022
PB2:737R,1.0
PB2:738-,0.296022
PB2:738K,1.0
PB2:739-,0.296022
PB2:739R,1.0
PB2:73Q,1.0
PB2:73other,0.100006
PB2:74-,0.154024
PB2:740-,0.295464
PB2:740D,1.0
PB2:740N,0.031415
PB2:741-,0.296022
PB2:741S,1.0
PB2:742-,0.296022
PB2:742S,1.0
PB2:743-,0.296022
PB2:743I,1.0
PB2:744-,0.294818
PB2:744L,1.0
PB2:745-,0.294818
PB2:745T,1.0
PB2:746-,0.294818
PB2:746D,1.0
PB2:747-,0.294818
PB2:747S,1.0
PB2:748-,0.294818
PB2:748Q,1.0
PB2:749-,0.294818
PB2:749T,1.0
PB2:74E,0.000317
PB2:74G,1.0
PB2:75-,0.154367
PB2:750-,0.294818
PB2:750A,1.0
PB2:751-,0.294818
PB2:751T,1.0
PB2:752-,0.295791
PB2:752K,1.0
PB2:753-,0.295791
PB2:753R,1.0
PB2:754-,0.294845
PB2:754I,1.0
PB2:754V,0.00846
PB2:755-,0.295791
PB2:755R,1.0
PB2:756-,0.302105
PB2:756M,1.0
PB2:757-,0.302105
PB2:757A,1.0
PB2:758-,0.302105
PB2:758I,1.0
PB2:759-,0.301467
PB2:759K,0.017031
PB2:759N,1.0
PB2:75Q,1.0
PB2:76-,0.150458
PB2:760*,1.0
PB2:760-,0.432926
PB2:76A,0.015834
PB2:76T,1.0
PB2:77-,0.154367
PB2:77L,1.0
PB2:78-,0.154367
PB2:78W,1.0
PB2:79-,0.152198
PB2:79N,0.025162
PB2:79S,1.0
PB2:7I,0.016894
PB2:7L,1.0
PB2:8-,0.451925
PB2:80-,0.154367
PB2:80K,1.0
PB2:81-,0.150284
PB2:81I,0.422917
PB2:81M,1.0
PB2:81other,0.055873
PB2:82-,0.147934
PB2:82N,0.329816
PB2:82S,0.9999
PB2:82other,0.197192
PB2:83-,0.154367
PB2:83D,1.0
PB2:84-,0.154367
PB2:84A,1.0
PB2:85-,0.154367
PB2:85G,1.0
PB2:86-,0.154367
PB2:86S,1.0
PB2:87-,0.154163
PB2:87D,1.0
PB2:87G,0.000317
PB2:88-,0.155154
PB2:88K,0.020943
PB2:88R,1.0
PB2:89-,0.154367
PB2:89V,1.0
PB2:8R,1.0
PB2:9-,0.450682
PB2:90-,0.160551
PB2:90I,0.021342
PB2:90M,1.0
PB2:91-,0.151318
PB2:91A,0.038576
PB2:91V,1.0
PB2:92-,0.154367
PB2:92S,1.0
PB2:93-,0.191135
PB2:93P,1.0
PB2:94-,0.156832
PB2:94L,1.0
PB2:95-,0.156832
PB2:95A,1.0
PB2:96-,0.152962
PB2:96I,0.065268
PB2:96V,1.0
PB2:97-,0.156832
PB2:97T,1.0
PB2:98-,0.156832
PB2:98W,1.0
PB2:99-,0.156832
PB2:99W,1.0
PB2:9N,1.0
PB2:9T,0.272816
PB2:9other,0.007501
PB2:counts,25
pivots,2023.5
