site,site_fix,epi
-16,1,non-epitope
-15,2,non-epitope
-14,3,non-epitope
-13,4,non-epitope
-12,5,non-epitope
-11,6,non-epitope
-10,7,non-epitope
-9,8,non-epitope
-8,9,non-epitope
-7,10,non-epitope
-6,11,non-epitope
-5,12,non-epitope
-4,13,non-epitope
-3,14,non-epitope
-2,15,non-epitope
-1,16,non-epitope
1,17,non-epitope
2,18,non-epitope
3,19,non-epitope
4,20,non-epitope
5,21,non-epitope
6,22,non-epitope
7,23,non-epitope
8,24,non-epitope
9,25,non-epitope
10,26,non-epitope
11,27,non-epitope
12,28,non-epitope
13,29,non-epitope
14,30,non-epitope
15,31,non-epitope
16,32,non-epitope
17,33,non-epitope
18,34,non-epitope
19,35,non-epitope
20,36,non-epitope
21,37,non-epitope
22,38,non-epitope
23,39,non-epitope
24,40,non-epitope
25,41,non-epitope
26,42,non-epitope
27,43,non-epitope
28,44,non-epitope
29,45,non-epitope
30,46,non-epitope
31,47,non-epitope
32,48,non-epitope
33,49,non-epitope
34,50,non-epitope
35,51,non-epitope
36,52,non-epitope
37,53,non-epitope
38,54,non-epitope
39,55,non-epitope
40,56,non-epitope
41,57,non-epitope
42,58,non-epitope
43,59,non-epitope
44,60,epitope
45,61,epitope
46,62,epitope
47,63,epitope
48,64,epitope
49,65,non-epitope
50,66,epitope
51,67,epitope
52,68,non-epitope
53,69,epitope
54,70,epitope
55,71,non-epitope
56,72,non-epitope
57,73,epitope
58,74,non-epitope
59,75,epitope
60,76,non-epitope
61,77,non-epitope
62,78,epitope
63,79,epitope
64,80,non-epitope
65,81,non-epitope
66,82,non-epitope
67,83,epitope
68,84,non-epitope
69,85,non-epitope
70,86,non-epitope
71,87,non-epitope
72,88,non-epitope
73,89,non-epitope
74,90,non-epitope
75,91,epitope
76,92,non-epitope
77,93,non-epitope
78,94,epitope
79,95,non-epitope
80,96,epitope
81,97,epitope
82,98,epitope
83,99,epitope
84,100,non-epitope
85,101,non-epitope
86,102,epitope
87,103,epitope
88,104,epitope
89,105,non-epitope
90,106,non-epitope
91,107,epitope
92,108,epitope
93,109,non-epitope
94,110,epitope
95,111,non-epitope
96,112,epitope
97,113,non-epitope
98,114,non-epitope
99,115,non-epitope
100,116,non-epitope
101,117,non-epitope
102,118,epitope
103,119,epitope
104,120,non-epitope
105,121,non-epitope
106,122,non-epitope
107,123,non-epitope
108,124,non-epitope
109,125,epitope
110,126,non-epitope
111,127,non-epitope
112,128,non-epitope
113,129,non-epitope
114,130,non-epitope
115,131,non-epitope
116,132,non-epitope
117,133,epitope
118,134,non-epitope
119,135,non-epitope
120,136,non-epitope
121,137,epitope
122,138,epitope
123,139,non-epitope
124,140,epitope
125,141,non-epitope
126,142,epitope
127,143,non-epitope
128,144,epitope
129,145,epitope
130,146,epitope
131,147,epitope
132,148,epitope
133,149,epitope
134,150,non-epitope
135,151,epitope
136,152,non-epitope
137,153,epitope
138,154,epitope
139,155,non-epitope
140,156,epitope
141,157,non-epitope
142,158,epitope
143,159,epitope
144,160,epitope
145,161,epitope
146,162,epitope
147,163,non-epitope
148,164,non-epitope
149,165,non-epitope
150,166,epitope
151,167,non-epitope
152,168,epitope
153,169,non-epitope
154,170,non-epitope
155,171,epitope
156,172,epitope
157,173,epitope
158,174,epitope
159,175,epitope
160,176,non-epitope
161,177,non-epitope
162,178,non-epitope
163,179,epitope
164,180,non-epitope
165,181,epitope
166,182,non-epitope
167,183,epitope
168,184,epitope
169,185,non-epitope
170,186,epitope
171,187,epitope
172,188,epitope
173,189,epitope
174,190,epitope
175,191,epitope
176,192,epitope
177,193,epitope
178,194,non-epitope
179,195,epitope
180,196,non-epitope
181,197,non-epitope
182,198,epitope
183,199,non-epitope
184,200,non-epitope
185,201,non-epitope
186,202,epitope
187,203,epitope
188,204,epitope
189,205,epitope
190,206,epitope
191,207,non-epitope
192,208,epitope
193,209,epitope
194,210,epitope
195,211,non-epitope
196,212,epitope
197,213,epitope
198,214,epitope
199,215,non-epitope
200,216,non-epitope
201,217,epitope
202,218,non-epitope
203,219,epitope
204,220,non-epitope
205,221,non-epitope
206,222,non-epitope
207,223,epitope
208,224,epitope
209,225,epitope
210,226,non-epitope
211,227,non-epitope
212,228,epitope
213,229,epitope
214,230,epitope
215,231,epitope
216,232,epitope
217,233,epitope
218,234,epitope
219,235,epitope
220,236,non-epitope
221,237,non-epitope
222,238,non-epitope
223,239,non-epitope
224,240,non-epitope
225,241,non-epitope
226,242,epitope
227,243,epitope
228,244,epitope
229,245,epitope
230,246,epitope
231,247,non-epitope
232,248,non-epitope
233,249,non-epitope
234,250,non-epitope
235,251,non-epitope
236,252,non-epitope
237,253,non-epitope
238,254,epitope
239,255,non-epitope
240,256,epitope
241,257,non-epitope
242,258,epitope
243,259,non-epitope
244,260,epitope
245,261,non-epitope
246,262,epitope
247,263,epitope
248,264,epitope
249,265,non-epitope
250,266,non-epitope
251,267,non-epitope
252,268,non-epitope
253,269,non-epitope
254,270,non-epitope
255,271,non-epitope
256,272,non-epitope
257,273,non-epitope
258,274,non-epitope
259,275,non-epitope
260,276,epitope
261,277,epitope
262,278,epitope
263,279,non-epitope
264,280,non-epitope
265,281,epitope
266,282,non-epitope
267,283,non-epitope
268,284,non-epitope
269,285,non-epitope
270,286,non-epitope
271,287,non-epitope
272,288,non-epitope
273,289,epitope
274,290,non-epitope
275,291,epitope
276,292,epitope
277,293,non-epitope
278,294,epitope
279,295,epitope
280,296,epitope
281,297,non-epitope
282,298,non-epitope
283,299,non-epitope
284,300,non-epitope
285,301,non-epitope
286,302,non-epitope
287,303,non-epitope
288,304,non-epitope
289,305,non-epitope
290,306,non-epitope
291,307,non-epitope
292,308,non-epitope
293,309,non-epitope
294,310,epitope
295,311,non-epitope
296,312,non-epitope
297,313,epitope
298,314,non-epitope
299,315,epitope
300,316,epitope
301,317,non-epitope
302,318,non-epitope
303,319,non-epitope
304,320,epitope
305,321,epitope
306,322,non-epitope
307,323,epitope
308,324,epitope
309,325,epitope
310,326,epitope
311,327,epitope
312,328,epitope
313,329,non-epitope
314,330,non-epitope
315,331,non-epitope
316,332,non-epitope
317,333,non-epitope
318,334,non-epitope
319,335,non-epitope
320,336,non-epitope
321,337,non-epitope
322,338,non-epitope
323,339,non-epitope
324,340,non-epitope
325,341,non-epitope
326,342,non-epitope
327,343,non-epitope
328,344,non-epitope
329,345,non-epitope
(HA2)1,346,non-epitope
(HA2)2,347,non-epitope
(HA2)3,348,non-epitope
(HA2)4,349,non-epitope
(HA2)5,350,non-epitope
(HA2)6,351,non-epitope
(HA2)7,352,non-epitope
(HA2)8,353,non-epitope
(HA2)9,354,non-epitope
(HA2)10,355,non-epitope
(HA2)11,356,non-epitope
(HA2)12,357,non-epitope
(HA2)13,358,non-epitope
(HA2)14,359,non-epitope
(HA2)15,360,non-epitope
(HA2)16,361,non-epitope
(HA2)17,362,non-epitope
(HA2)18,363,non-epitope
(HA2)19,364,non-epitope
(HA2)20,365,non-epitope
(HA2)21,366,non-epitope
(HA2)22,367,non-epitope
(HA2)23,368,non-epitope
(HA2)24,369,non-epitope
(HA2)25,370,non-epitope
(HA2)26,371,non-epitope
(HA2)27,372,non-epitope
(HA2)28,373,non-epitope
(HA2)29,374,non-epitope
(HA2)30,375,non-epitope
(HA2)31,376,non-epitope
(HA2)32,377,non-epitope
(HA2)33,378,non-epitope
(HA2)34,379,non-epitope
(HA2)35,380,non-epitope
(HA2)36,381,non-epitope
(HA2)37,382,non-epitope
(HA2)38,383,non-epitope
(HA2)39,384,non-epitope
(HA2)40,385,non-epitope
(HA2)41,386,non-epitope
(HA2)42,387,non-epitope
(HA2)43,388,non-epitope
(HA2)44,389,non-epitope
(HA2)45,390,non-epitope
(HA2)46,391,non-epitope
(HA2)47,392,non-epitope
(HA2)48,393,non-epitope
(HA2)49,394,non-epitope
(HA2)50,395,non-epitope
(HA2)51,396,non-epitope
(HA2)52,397,non-epitope
(HA2)53,398,non-epitope
(HA2)54,399,non-epitope
(HA2)55,400,non-epitope
(HA2)56,401,non-epitope
(HA2)57,402,non-epitope
(HA2)58,403,non-epitope
(HA2)59,404,non-epitope
(HA2)60,405,non-epitope
(HA2)61,406,non-epitope
(HA2)62,407,non-epitope
(HA2)63,408,non-epitope
(HA2)64,409,non-epitope
(HA2)65,410,non-epitope
(HA2)66,411,non-epitope
(HA2)67,412,non-epitope
(HA2)68,413,non-epitope
(HA2)69,414,non-epitope
(HA2)70,415,non-epitope
(HA2)71,416,non-epitope
(HA2)72,417,non-epitope
(HA2)73,418,non-epitope
(HA2)74,419,non-epitope
(HA2)75,420,non-epitope
(HA2)76,421,non-epitope
(HA2)77,422,non-epitope
(HA2)78,423,non-epitope
(HA2)79,424,non-epitope
(HA2)80,425,non-epitope
(HA2)81,426,non-epitope
(HA2)82,427,non-epitope
(HA2)83,428,non-epitope
(HA2)84,429,non-epitope
(HA2)85,430,non-epitope
(HA2)86,431,non-epitope
(HA2)87,432,non-epitope
(HA2)88,433,non-epitope
(HA2)89,434,non-epitope
(HA2)90,435,non-epitope
(HA2)91,436,non-epitope
(HA2)92,437,non-epitope
(HA2)93,438,non-epitope
(HA2)94,439,non-epitope
(HA2)95,440,non-epitope
(HA2)96,441,non-epitope
(HA2)97,442,non-epitope
(HA2)98,443,non-epitope
(HA2)99,444,non-epitope
(HA2)100,445,non-epitope
(HA2)101,446,non-epitope
(HA2)102,447,non-epitope
(HA2)103,448,non-epitope
(HA2)104,449,non-epitope
(HA2)105,450,non-epitope
(HA2)106,451,non-epitope
(HA2)107,452,non-epitope
(HA2)108,453,non-epitope
(HA2)109,454,non-epitope
(HA2)110,455,non-epitope
(HA2)111,456,non-epitope
(HA2)112,457,non-epitope
(HA2)113,458,non-epitope
(HA2)114,459,non-epitope
(HA2)115,460,non-epitope
(HA2)116,461,non-epitope
(HA2)117,462,non-epitope
(HA2)118,463,non-epitope
(HA2)119,464,non-epitope
(HA2)120,465,non-epitope
(HA2)121,466,non-epitope
(HA2)122,467,non-epitope
(HA2)123,468,non-epitope
(HA2)124,469,non-epitope
(HA2)125,470,non-epitope
(HA2)126,471,non-epitope
(HA2)127,472,non-epitope
(HA2)128,473,non-epitope
(HA2)129,474,non-epitope
(HA2)130,475,non-epitope
(HA2)131,476,non-epitope
(HA2)132,477,non-epitope
(HA2)133,478,non-epitope
(HA2)134,479,non-epitope
(HA2)135,480,non-epitope
(HA2)136,481,non-epitope
(HA2)137,482,non-epitope
(HA2)138,483,non-epitope
(HA2)139,484,non-epitope
(HA2)140,485,non-epitope
(HA2)141,486,non-epitope
(HA2)142,487,non-epitope
(HA2)143,488,non-epitope
(HA2)144,489,non-epitope
(HA2)145,490,non-epitope
(HA2)146,491,non-epitope
(HA2)147,492,non-epitope
(HA2)148,493,non-epitope
(HA2)149,494,non-epitope
(HA2)150,495,non-epitope
(HA2)151,496,non-epitope
(HA2)152,497,non-epitope
(HA2)153,498,non-epitope
(HA2)154,499,non-epitope
(HA2)155,500,non-epitope
(HA2)156,501,non-epitope
(HA2)157,502,non-epitope
(HA2)158,503,non-epitope
(HA2)159,504,non-epitope
(HA2)160,505,non-epitope
(HA2)161,506,non-epitope
(HA2)162,507,non-epitope
(HA2)163,508,non-epitope
(HA2)164,509,non-epitope
(HA2)165,510,non-epitope
(HA2)166,511,non-epitope
(HA2)167,512,non-epitope
(HA2)168,513,non-epitope
(HA2)169,514,non-epitope
(HA2)170,515,non-epitope
(HA2)171,516,non-epitope
(HA2)172,517,non-epitope
(HA2)173,518,non-epitope
(HA2)174,519,non-epitope
(HA2)175,520,non-epitope
(HA2)176,521,non-epitope
(HA2)177,522,non-epitope
(HA2)178,523,non-epitope
(HA2)179,524,non-epitope
(HA2)180,525,non-epitope
(HA2)181,526,non-epitope
(HA2)182,527,non-epitope
(HA2)183,528,non-epitope
(HA2)184,529,non-epitope
(HA2)185,530,non-epitope
(HA2)186,531,non-epitope
(HA2)187,532,non-epitope
(HA2)188,533,non-epitope
(HA2)189,534,non-epitope
(HA2)190,535,non-epitope
(HA2)191,536,non-epitope
(HA2)192,537,non-epitope
(HA2)193,538,non-epitope
(HA2)194,539,non-epitope
(HA2)195,540,non-epitope
(HA2)196,541,non-epitope
(HA2)197,542,non-epitope
(HA2)198,543,non-epitope
(HA2)199,544,non-epitope
(HA2)200,545,non-epitope
(HA2)201,546,non-epitope
(HA2)202,547,non-epitope
(HA2)203,548,non-epitope
(HA2)204,549,non-epitope
(HA2)205,550,non-epitope
(HA2)206,551,non-epitope
(HA2)207,552,non-epitope
(HA2)208,553,non-epitope
(HA2)209,554,non-epitope
(HA2)210,555,non-epitope
(HA2)211,556,non-epitope
(HA2)212,557,non-epitope
(HA2)213,558,non-epitope
(HA2)214,559,non-epitope
(HA2)215,560,non-epitope
(HA2)216,561,non-epitope
(HA2)217,562,non-epitope
(HA2)218,563,non-epitope
(HA2)219,564,non-epitope
(HA2)220,565,non-epitope
(HA2)221,566,non-epitope